old_url,new_url,s3_key,size_bytes,sha256
"https://d2xsxph8kpxj0f.cloudfront.net/310519663047046836/hif67mmfrxXgLDxyBaPs4s/cba_logo_cropped_61583c5c.png","https://chronologicalbibleacademy.s3.us-east-2.amazonaws.com/manus-storage/cba_logo_cropped_61583c5c.png","manus-storage/cba_logo_cropped_61583c5c.png",111612,e01af0e8012e40b8032b2a9badabb06112d784c3cf357746c30068d91fe981f3
"https://d2xsxph8kpxj0f.cloudfront.net/310519663047046836/hif67mmfrxXgLDxyBaPs4s/017-6A8W2zA1uss_92559790.jpeg","https://chronologicalbibleacademy.s3.us-east-2.amazonaws.com/manus-storage/017-6A8W2zA1uss_92559790.jpeg","manus-storage/017-6A8W2zA1uss_92559790.jpeg",236944,55a6dbe4f40f055efcc762b0fbcd95d0440972a44dfd4a658229e7f8cc1aa378
"https://d2xsxph8kpxj0f.cloudfront.net/310519663047046836/hif67mmfrxXgLDxyBaPs4s/017-6A8W2zA1uss_1acbcc9d.jpeg","https://chronologicalbibleacademy.s3.us-east-2.amazonaws.com/manus-storage/017-6A8W2zA1uss_1acbcc9d.jpeg","manus-storage/017-6A8W2zA1uss_1acbcc9d.jpeg",236944,55a6dbe4f40f055efcc762b0fbcd95d0440972a44dfd4a658229e7f8cc1aa378
"https://files.manuscdn.com/user_upload_by_module/session_file/310519663047046836/NqEblKGPdouSRCLz.png","https://chronologicalbibleacademy.s3.us-east-2.amazonaws.com/manus-storage/NqEblKGPdouSRCLz.png","manus-storage/NqEblKGPdouSRCLz.png",1730349,34563bcadc17044760f6d9979c2e84e2b7bc8427fa8427fd2e8068e1fae6cc04
"https://files.manuscdn.com/user_upload_by_module/session_file/310519663047046836/jtJDUFewkjSQIDRT.jpg","https://chronologicalbibleacademy.s3.us-east-2.amazonaws.com/manus-storage/jtJDUFewkjSQIDRT.jpg","manus-storage/jtJDUFewkjSQIDRT.jpg",680156,0f20faded631c2f80e197f255434eabb88717c92182864ed7497d53ae7252935
"https://files.manuscdn.com/user_upload_by_module/session_file/310519663047046836/sgHJAGAsUtHCoFlF.png","https://chronologicalbibleacademy.s3.us-east-2.amazonaws.com/manus-storage/sgHJAGAsUtHCoFlF.png","manus-storage/sgHJAGAsUtHCoFlF.png",1998450,0303c5d1397f4aa43742a57453847de2ced53930fe57d58895ed13526786b0fb
"https://files.manuscdn.com/user_upload_by_module/session_file/310519663047046836/GmOUoDOcSpvgpEPX.png","https://chronologicalbibleacademy.s3.us-east-2.amazonaws.com/manus-storage/GmOUoDOcSpvgpEPX.png","manus-storage/GmOUoDOcSpvgpEPX.png",227438,c5416a5fa487cb853e6bd1675c6e2e0f023b21abc3789de7f49b3338835d8089
"https://files.manuscdn.com/user_upload_by_module/session_file/310519663047046836/ufehkUJDBowFYqqa.pdf","https://chronologicalbibleacademy.s3.us-east-2.amazonaws.com/manus-storage/ufehkUJDBowFYqqa.pdf","manus-storage/ufehkUJDBowFYqqa.pdf",9585,22f31a16262eaef8ccf576dc0e926adede44db914786b094e5f395d9a7907f4b
"https://files.manuscdn.com/user_upload_by_module/session_file/310519663047046836/vEdzGWYmelgXRfyd.pdf","https://chronologicalbibleacademy.s3.us-east-2.amazonaws.com/manus-storage/vEdzGWYmelgXRfyd.pdf","manus-storage/vEdzGWYmelgXRfyd.pdf",153956,a1b5a73da191812bf656ed003524dac257f77987166f48cca81bbe5367045ffe
"https://files.manuscdn.com/user_upload_by_module/session_file/310519663047046836/zfKVGxdvBKxuXOsD.mp3","https://chronologicalbibleacademy.s3.us-east-2.amazonaws.com/manus-storage/zfKVGxdvBKxuXOsD.mp3","manus-storage/zfKVGxdvBKxuXOsD.mp3",59107379,4f304aca49a1cbceb755171b43e21d3456ebe5f249740f81e4368300dd43fbe3
"https://files.manuscdn.com/user_upload_by_module/session_file/310519663047046836/zaydgPHRvAxgXzHi.ico","https://chronologicalbibleacademy.s3.us-east-2.amazonaws.com/manus-storage/zaydgPHRvAxgXzHi.ico","manus-storage/zaydgPHRvAxgXzHi.ico",9280,0db51dcd5cc8a050e87d7cd713cc7c3c4ccd8c64f023534eb3951e1c434ccca8
"https://files.manuscdn.com/user_upload_by_module/session_file/310519663047046836/KVWyuqXQOUrRXhwx.png","https://chronologicalbibleacademy.s3.us-east-2.amazonaws.com/manus-storage/KVWyuqXQOUrRXhwx.png","manus-storage/KVWyuqXQOUrRXhwx.png",49563,f6d1078c12561b2d4bedfb29cdf6d165b7f7142ee6584c1a144c8f3a9105fa96
"https://files.manuscdn.com/user_upload_by_module/session_file/310519663047046836/rtijKTqJJZTImyaZ.png","https://chronologicalbibleacademy.s3.us-east-2.amazonaws.com/manus-storage/rtijKTqJJZTImyaZ.png","manus-storage/rtijKTqJJZTImyaZ.png",55298,cca7352071129f1ec996f3d6f25235a5843858ae9745c690374e47c6ddcb076c
"https://files.manuscdn.com/user_upload_by_module/session_file/310519663047046836/URdqvUcVDNryGVbT.png","https://chronologicalbibleacademy.s3.us-east-2.amazonaws.com/manus-storage/URdqvUcVDNryGVbT.png","manus-storage/URdqvUcVDNryGVbT.png",276628,fd0c9301f71b9110fa9cc5fae04e07ca9c7f3a48738229dd2e0f18a9e349c025
"https://files.manuscdn.com/webdev_screenshots/2026/03/17/me4N4bmuqVpJuVrMd29Arq.png?x-oss-process=image/resize,w_1200/crop,h_630,x_0,y_0","https://chronologicalbibleacademy.s3.us-east-2.amazonaws.com/manus-storage/me4N4bmuqVpJuVrMd29Arq.png","manus-storage/me4N4bmuqVpJuVrMd29Arq.png",662139,507c292b977d93d915f4de262a86a849273632cc51b86494e4500b02c10eff22
